{"_source":"github.com/georgique/world-geojson (countries/andorra.json, monaco.json) — frontieres reelles, dilatation appliquee a la generation","andorra":[[1.549326,42.655024],[1.529846,42.649617],[1.524175,42.648627],[1.519547,42.645576],[1.49826,42.648607],[1.493378,42.651974],[1.478348,42.651132],[1.476974,42.643556],[1.468048,42.632443],[1.478348,42.615265],[1.462555,42.606674],[1.459808,42.602631],[1.443056,42.602328],[1.441956,42.59606],[1.435089,42.591511],[1.427536,42.58595],[1.431656,42.576849],[1.441956,42.573815],[1.444016,42.56977],[1.441956,42.564713],[1.433029,42.563702],[1.423416,42.558138],[1.417923,42.544481],[1.415176,42.53588],[1.426849,42.539422],[1.440582,42.544481],[1.450882,42.538916],[1.455688,42.526772],[1.467361,42.509565],[1.454315,42.502478],[1.440582,42.49539],[1.425476,42.492859],[1.417923,42.483238],[1.430969,42.4802],[1.440582,42.476149],[1.438522,42.46298],[1.446075,42.460447],[1.441269,42.454874],[1.445389,42.445755],[1.444702,42.441194],[1.457748,42.43714],[1.474228,42.434607],[1.50032,42.432579],[1.517487,42.430045],[1.526413,42.432073],[1.553879,42.433086],[1.553192,42.444741],[1.562805,42.448288],[1.560059,42.456901],[1.565552,42.458421],[1.580658,42.449301],[1.580658,42.453861],[1.585464,42.460953],[1.595764,42.466525],[1.601944,42.463993],[1.618423,42.465512],[1.630096,42.464499],[1.636276,42.465512],[1.645889,42.467538],[1.653442,42.465512],[1.660309,42.47311],[1.661682,42.478681],[1.662369,42.489821],[1.667862,42.500959],[1.671982,42.503997],[1.678162,42.496909],[1.686401,42.493365],[1.705627,42.490327],[1.711807,42.491846],[1.716614,42.497922],[1.725835,42.504376],[1.72554,42.508552],[1.72348,42.517157],[1.732407,42.5207],[1.734467,42.530314],[1.731033,42.540434],[1.736526,42.551057],[1.744766,42.56269],[1.770859,42.563702],[1.787338,42.57331],[1.777039,42.5814],[1.761246,42.580894],[1.745453,42.586455],[1.7276,42.591511],[1.728287,42.598587],[1.73584,42.607179],[1.735153,42.617286],[1.73172,42.61577],[1.7173,42.614254],[1.706314,42.620318],[1.697388,42.621328],[1.685028,42.624865],[1.658936,42.620318],[1.654129,42.62537],[1.634216,42.629917],[1.617737,42.628402],[1.599884,42.627896],[1.594391,42.632948],[1.580658,42.634969],[1.578598,42.644566],[1.562881,42.652498],[1.549326,42.655024]],"monaco":[[7.436886,43.751815],[7.437401,43.750947],[7.436543,43.750265],[7.433023,43.749459],[7.430792,43.748963],[7.428904,43.747103],[7.427359,43.743631],[7.424526,43.74115],[7.422981,43.741833],[7.412252,43.734577],[7.412853,43.733833],[7.412939,43.731848],[7.411394,43.731476],[7.408819,43.729677],[7.41869,43.724777],[7.421694,43.72639],[7.424526,43.728003],[7.424097,43.728933],[7.427101,43.729863],[7.42856,43.731476],[7.432423,43.735445],[7.432508,43.736748],[7.430277,43.737368],[7.430878,43.73898],[7.431307,43.740964],[7.433453,43.744003],[7.4368,43.746049],[7.438946,43.745863],[7.440491,43.746731],[7.439289,43.749211],[7.438345,43.749583],[7.439032,43.751195],[7.436886,43.751815]]}